{"count":2,"save":[{"deck":{"spell":[],"trap":["Trap Hole","Mirror Force","Trap Hole","Negate Attack","Negate Attack"],"monster":["Curse of Dragon","Harpie Lady","Blue-Eyes White Dragon","Blue-Eyes White Dragon","Man-Eater Bug"]},"biodata":{"name":"Yugi Mutou","x":128,"y":128,"rank":"Elite Duelist"}},{"deck":{"spell":["Fissure","Change of Heart","Fissure","Fissure","Change of Heart","Change of Heart"],"trap":["Trap Hole","Mirror Force"],"monster":["Blue-Eyes White Dragon","Tyhone"]},"biodata":{"name":"Anzu Mazaki","x":256,"y":256,"rank":"King Of Game"}}]}