{"count":2,"save":[{"deck":{"spell":["Trap Hole","Fissure","Stop Defense","Follow Wind"],"trap":[],"monster":["Harpie Lady","Tyhone","Blue-Eyes White Dragon","Turtle Tiger","Celtic Guardian","Curse of Dragon","Man-Eater Bug"]},"biodata":{"money":2000,"name":"k","x":300.0,"y":250.0},"allcard":{"spell":["Negate Attack","Mirror Force","Change of Heart"],"trap":[],"monster":["Hane-Hane"]}},{"deck":{"spell":["Fissure","Trap Hole","Mirror Force","Change of Heart","Stop Defense"],"trap":[],"monster":["Blue-Eyes White Dragon","Tyhone","Man-Eater Bug","Turtle Tiger","Curse of Dragon","Celtic Guardian"]},"biodata":{"money":2000,"name":"s","x":-5.0,"y":-5.0},"allcard":{"spell":["Negate Attack","Follow Wind"],"trap":[],"monster":["Harpie Lady","Hane-Hane"]}}]}